feeder_name,feeder_type,mv_len_mi,mv_3ph_len_mi,mv_oh_3ph_len_mi,mv_2ph_len_mi,mv_oh_2ph_len_mi,mv_1ph_len_mi,mv_oh_1ph_len_mi,perct_mv_oh_len,ratio_mv_len_to_num_cust,max_sub_node_distance_mi,nominal_medium_voltage_class,lv_len_mi,lv_3ph_len_mi,lv_oh_3ph_len_mi,lv_1ph_len_mi,lv_oh_1ph_len_mi,max_len_secondaries_mi,lv_2ph_len_mi,lv_oh_2ph_len_mi,perct_lv_oh_len,ratio_lv_len_to_num_cust,num_regulators,num_capacitors,num_boosters,avg_regulator_sub_distance_mi,avg_capacitor_sub_distance_mi,num_fuses,num_reclosers,num_sectionalizers,num_sectionalizers_per_recloser,avg_recloser_sub_distance_mi,num_breakers,num_switches,num_interruptors,num_links_adjacent_feeders,num_loops,num_distribution_transformers,num_overloaded_transformers,sum_distribution_transformer_mva,num_1ph_transformers,num_3ph_transformers,ratio_1ph_to_3ph_transformers,substation_name,substation_capacity_mva,sum_load_kw,sum_load_pha_kw,sum_load_phb_kw,sum_load_phc_kw,sum_load_kvar,perct_lv_pha_load_kw,perct_lv_phb_load_kw,perct_lv_phc_load_kw,num_lv_1ph_loads,num_lv_3ph_loads,num_mv_3ph_loads,avg_num_load_per_transformer,avg_load_pf,avg_load_imbalance_by_phase,num_customers,cust_density,load_density_kw,load_density_kvar,kva_density,avg_degree,avg_path_len,diameter
p5uhs16_1247->p5udt385,,21.297589692501077,7.5665190678229335,2.7780567217613,0.0,0.0,13.731070624678168,4.505411805548701,13.458619971691995,0.011760126831861445,2.2244095311400405,12470.0,32.819909297956976,0.4477253881586901,0.0,0.0,0.0,0.0847881234743,32.372183909798274,7.357728084636914,13.595839094364322,0.018122534123664814,0,2,,,1.318793457696145,72,0,0,,,0,959,,2,0,652,0,31.324999999999832,625,27,23.14814814814815,p5uhs16_1247,,12552.62355400008,6026.226127000028,6026.226127000028,500.17130000000003,2553.836507724525,48.007702143506826,48.007702143506826,3.984595712986342,0,31,0,2.6467576791808876,0.9797805647840533,0.5869747524069381,1811.0,498662.4672362158,3456389.967821709,703203.9833571687,8625401.317600429,1.9996027805362462,124.25054037707443,308
p5uhs0_1247->p5udt3610,,13.056070504180317,6.669531442183833,4.4874957533686,0.0,0.0,6.386539061996498,3.6273235516971996,32.33557132919073,0.016738551928436304,1.45882700880662,12470.0,12.039571760659456,0.36455064827218014,0.0,0.0,0.0,0.0908007578187,11.67502111238728,4.024415883908761,16.036313561686224,0.015435348411101866,0,3,,,1.35375892660208,51,0,0,,,0,272,,2,0,278,0,16.20000000000003,245,33,7.424242424242424,p5uhs0_1247,,12011.32674790003,4653.2920072833085,4653.2920072833085,2704.742733333335,3216.910195146801,43.74838969037126,43.74838969037126,12.50322061925748,0,36,3,2.6947791164658637,0.9780366795366796,0.21630130901685488,780.0,352133.012650757,5422544.453423918,1452282.4082615096,7313531.8012080435,1.999035214664737,56.51851437958529,141
p5uhs2_1247->p5udt6874,,21.478791175702405,11.190974899149483,4.33135987299678,0.0,0.0,10.287816276552922,3.3787263740736995,15.364494304426577,0.012509488162901808,6.155382426181638,12470.0,28.70239991529998,1.1281428882240503,0.0,0.0,0.0,0.08883933812009999,27.574257027075927,5.879811434028783,11.717161960874714,0.01671659866936516,0,1,,,3.5009425249708896,88,0,0,,,0,1043,,2,0,726,0,36.32499999999975,650,76,8.552631578947368,p5uhs2_1247,,14622.565572600051,6615.035819633339,6615.035819633339,1392.4939333333336,3002.830493328132,45.238544404469586,45.238544404469586,9.522911191060823,0,94,0,2.302066772655008,0.9796823117338005,0.47620844284544805,1717.0,551752.7238178378,4698916.938781025,964950.4390547808,11672928.184439614,1.9996052891257154,112.44182732279675,286
p5uhs6_1247->p5udt7214,,11.613221423054,8.92471708749014,5.196415690333002,0.0,0.0,2.68850433556386,1.8866593224608,37.12001630699234,0.02070092945285918,1.5341076278155703,12470.0,7.468330034830346,2.2560058674537307,0.0,0.0,0.0,0.0743897904748,5.212324167376622,1.99594858913448,10.460095938948244,0.013312531256382078,0,1,,,0.8549167886687302,39,0,0,,,0,282,,2,0,277,0,31.274999999999967,152,125,1.216,p5uhs6_1247,,14443.997907100007,5222.126753549992,5222.126753549992,3999.7444,2936.7206806751783,36.66021465232041,36.66021465232041,26.67957069535918,0,201,2,2.004291845493562,0.9799689839572193,0.11283878248594126,561.0,333843.66949647194,8595431.84225602,1747603.5798980007,18611338.25936212,1.9987995198079231,49.8984126984127,122
p5uhs6_1247->p5udt3745,,17.584279560440745,11.970360563090605,6.951811569648698,0.0,0.0,5.613918997350152,2.01215933210105,26.804644835954157,0.016058702794923056,1.98885462633475,12470.0,15.857577090187254,1.5248608381943995,0.0,0.0,0.0,0.11955863412213001,14.332716251992855,4.173116358116353,12.478722104796734,0.014481805561814843,0,1,,,1.0207608763389,78,0,0,,,0,529,,1,0,468,0,36.2499999999999,350,118,2.9661016949152543,p5uhs6_1247,,13849.108324199977,5557.672128766648,5557.672128766648,2733.7640666666666,2849.4870513344586,40.13018021568334,40.13018021568334,19.73963956863332,0,153,0,2.318295739348371,0.9788866300366299,0.27187387529399965,1095.0,460816.6968188002,5828219.499400532,1199170.0553642814,15255347.269115489,1.9993650793650795,64.20968813480722,176
p5uhs16_1247->p5udt746,,22.681685666307157,9.973926248245427,5.1177039973636695,0.0,0.0,12.707759418061709,4.618894158294899,20.21685444810633,0.015535401141306271,1.7675231584815705,12470.0,25.479110963311836,0.97807378225186,0.0,0.0,0.0,0.08091752895078,24.501037181059985,5.365574344901048,11.140958456657273,0.017451445865282078,0,1,,,1.2195442446102198,76,0,0,,,0,802,,1,0,590,0,28.649999999999892,530,60,8.833333333333334,p5uhs16_1247,,13007.904518200095,5744.160475766684,5744.160475766684,1519.583566666667,2729.2690112632035,45.4518979909474,45.4518979909474,9.096204018105182,0,78,1,2.391472868217054,0.9780904794520549,0.4330266419354638,1460.0,498058.93107247184,4437467.8217996685,931052.6070951872,9773553.681661826,1.9995293010120028,90.04116954072278,247
p5uhs2_1247->p5udt2335,,13.222249262271102,6.673247371251741,3.7729013942950997,0.0,0.0,6.549001891019359,3.2835236376797003,24.614897112824416,0.012108286870211633,2.0343345096635495,12470.0,15.445045179916052,0.6982459762167202,0.0,0.0,0.0,0.0871864912601,14.746799203699338,4.139081277329278,14.438339431286382,0.014143814267322393,0,2,,,0.9192410586653399,51,0,0,,,0,440,,0,0,397,0,25.799999999999947,339,58,5.844827586206897,p5uhs2_1247,,11730.245969899968,4948.44555161664,4948.44555161664,1833.354866666666,2460.650279892477,43.775331396840244,43.775331396840244,12.449337206319507,0,70,2,2.7005649717514126,0.978608095676173,0.3540807462399168,1092.0,588485.1640104287,6321497.915274041,1326058.7761307983,13903770.358488122,1.9993069993069994,64.95615047122845,177
p5uhs1_1247->p5udt6125,,7.424918447012154,6.099546226960358,4.140118152903268,0.0,0.0,1.3253722200517903,0.7108259303698,38.81492242783595,0.019905947579121057,1.32202700713619,12470.0,5.07270818689871,1.3324818662555606,0.0,0.0,0.0,0.091746049521,3.7402263206431487,1.48174391071811,11.85620241444539,0.013599753852275362,0,1,,,0.9547650624288999,32,0,0,,,0,171,,0,0,200,0,22.074999999999985,124,76,1.631578947368421,p5uhs1_1247,,16727.111744599995,5916.135538966663,5916.135538966663,4894.840666666666,3526.9331881872736,37.23599855861744,37.23599855861744,25.528002882765126,0,118,7,1.8641975308641976,0.9777782258064518,0.0814083457557818,373.0,271386.9919117525,12170296.353186967,2566122.7576833004,16061307.899334937,1.9981998199819981,41.79126020710179,110
p5uhs5_1247->p5udt3577,,13.998240109249693,6.698721065699193,5.272391579994982,0.0,0.0,7.2995190435505135,3.3445628496872195,28.80750926171467,0.014211411278426084,3.1714221577068,12470.0,15.91394129941578,1.0883717701795204,0.0,0.0,0.0,0.08315416629269999,14.825569529236262,4.680090042786358,15.646100760242613,0.01615628558316323,0,2,,,2.29397254275539,51,0,0,,,0,376,,0,0,345,0,22.799999999999976,293,52,5.634615384615385,p5uhs5_1247,,12729.502771700021,5083.79591918331,5083.79591918331,2561.9109333333327,2757.4122776148306,42.631939948233445,42.631939948233445,14.736120103533118,0,74,5,2.745928338762215,0.9790553407934895,0.26415119072381105,985.0,484596.2922270832,6262608.979756557,1356580.472968105,11217051.231246177,1.9992277992277991,55.83333109636702,155
p5uhs1_1247->p5udt4788,,5.5772188811989185,4.76616467142019,3.3417389546132004,0.0,0.0,0.8110542097787301,0.7007714640817,49.21710935554049,0.03205298207585585,1.7152066531526897,12470.0,2.636409411133582,0.9714313262618599,0.0,0.0,0.0,0.05530275843149,1.6649780848717208,0.8017008301762197,9.760617374475236,0.015151778224905642,0,1,,,1.0463631013777002,15,0,0,,,0,81,,1,0,95,0,15.62500000000001,49,46,1.065217391304348,p5uhs1_1247,,10290.349092499988,3562.5860462499986,3562.5860462499986,3165.1770000000006,2104.6028947317586,35.54770850316942,35.54770850316942,28.90458299366116,0,72,4,1.7721518987341771,0.9772069364161851,0.051492784508110664,174.0,115627.54995450309,6838206.055990333,1398563.6571551047,10383221.080684552,1.9962264150943396,32.298270143025285,82
p5uhs1_1247->p5udt4629,,7.260743703602028,6.568352918745729,4.69632913269795,0.0,0.0,0.6923907848562999,0.5736162153030999,48.68746271507907,0.027712762227488655,1.4266747629277796,12470.0,3.5632858393646596,1.5113943802493306,0.0,0.0,0.0,0.10871167126062999,2.0518914591153297,1.13393884428704,10.47612480902603,0.013600327631162822,0,4,,,0.8899754709918025,19,0,0,,,0,115,,4,0,162,0,27.74999999999999,75,87,0.8620689655172413,p5uhs1_1247,,16864.20532539998,5813.207029366656,5813.207029366656,5237.791266666667,3872.501007053427,35.15277136540485,35.15277136540485,29.694457269190284,0,123,8,1.6220472440944882,0.9752690839694657,0.045494050987256986,262.0,130121.31254954271,8375544.015442875,1923263.030103885,13781932.913167208,1.9974747474747474,33.42067961536988,93
p5uhs3_1247->p5udt2481,,16.70452577133345,9.713871144724678,6.500080382850599,0.0,0.0,6.99065462660876,5.1909663288001004,39.18767230070074,0.018643443941220368,1.4824610722714697,12470.0,13.128955079331014,1.62258806825978,0.0,0.0,0.0,0.1757472687609,11.506367011071237,5.224791143854479,17.513179806298435,0.014652851651039078,0,1,,,0.6882529697342301,76,0,0,,,0,267,,0,0,376,0,31.19999999999993,269,107,2.514018691588785,p5uhs3_1247,,16460.153500400032,6222.268383533321,6222.268383533321,4015.6167333333306,3448.098225772397,39.24953818669763,39.24953818669763,21.500923626604745,0,153,6,2.328125,0.9770737723214287,0.17874694790635634,896.0,442685.3561597708,8132442.985233355,1703596.6419084012,15414936.50913484,1.9991721854304636,51.792722772956,135
p5uhs5_1247->p5udt2369,,18.41755128800191,7.984090240980702,5.466718518950271,0.0,0.0,10.433461047021227,5.0959478972584105,25.078615605828286,0.011554298173150509,2.5092362295879203,12470.0,23.700668402537598,0.7219994547603497,0.0,0.0,0.0,0.08327191609720001,22.97866894777725,9.040128368445354,21.463700115691086,0.014868675283900627,0,1,,,1.9163832877539002,65,0,0,,,0,555,,0,0,541,0,30.299999999999923,473,68,6.955882352941177,p5uhs5_1247,,12035.72989849997,5474.737815916636,5474.737815916636,1086.2542666666666,2484.2274489624656,45.48737685280703,45.48737685280703,9.025246294385944,0,78,0,2.7987679671457903,0.9789279974890145,0.48616174077894553,1594.0,649239.5491241495,4902178.075710268,1011831.0595271188,12341253.662773952,1.999501246882793,75.17322284212143,241
p5uhs5_1247->p5udt4880,,10.356093845553149,5.7526908701793955,3.1028247255569013,0.0,0.0,4.603402975373747,2.0375894063043,23.703662499584503,0.014815584900648281,1.8671016143124097,12470.0,11.330065970261417,1.4496635326091303,0.0,0.0,0.0,0.06712536696864,9.880402437652288,2.8344750151216695,13.07043312045795,0.01620896419207642,0,1,,,1.1228500003363697,36,0,0,,,0,330,,0,0,294,0,26.64999999999997,221,73,3.0273972602739727,p5uhs5_1247,,10280.651485300003,4020.62974264998,4020.62974264998,2239.3919999999985,2098.355140417835,39.108705789696074,39.108705789696074,21.78258842060786,0,108,0,2.354330708661417,0.9794758967001435,0.2310148982545071,699.0,401209.9912842237,5900858.501878906,1204407.7934166603,15296489.653397067,1.9989821882951655,68.77835854542063,185
p5uhs5_1247->p5udt4497,,16.790568101102693,8.479019462811717,5.54213542326065,0.0,0.0,8.311548638290969,4.817548312466769,31.10363792495922,0.015575666142024762,2.0330133941393203,12470.0,16.516415990987237,1.2678290401289898,0.0,0.0,0.0,0.12193122122513998,15.248586950858234,6.451863733089396,19.37090345751733,0.015321350640990015,0,2,,,1.44726747632345,68,0,0,,,0,378,,1,0,422,0,30.149999999999867,339,83,4.0843373493975905,p5uhs5_1247,,13513.383537200169,5417.443568600016,5417.443568600016,2678.4964,2992.4407406754112,41.1314658250707,41.1314658250707,17.737068349858585,0,105,2,2.480874316939891,0.97882843866171,0.2702453865887944,1078.0,417149.473052198,5229221.541461316,1157973.1707909806,11667028.39751736,1.9992957746478872,68.01205939405365,183
p5uhs9_1247->p5udt20856,,21.006853588073035,12.436992369384038,10.475197244639547,0.0,0.0,8.569861218689004,3.937152864596301,37.00059238614265,0.01818775202430566,1.878010583786,12470.0,17.944820371162056,1.6621721101373397,0.0,0.0,0.0,0.0922602340235,16.28264826102471,6.076204325926006,15.599340691455424,0.015536641013993121,0,3,,,1.3086980875907335,61,0,0,,,0,429,,1,0,530,0,35.324999999999875,403,127,3.173228346456693,p5uhs9_1247,,13616.62495000007,5687.516324999998,5687.516324999998,2241.5923000000003,2787.7081874674022,41.76891370574174,41.76891370574174,16.46217258851652,0,153,0,2.1334841628959276,0.9797128249566723,0.33742321489633265,1155.0,494524.2005693107,5830087.071732394,1193583.690760034,15124733.666762631,1.9993773349937733,52.671628465816255,137
p5uhs4_1247->p5udt4324,,16.57103797535109,8.648319584915342,4.2292353867757,0.0,0.0,7.922718390435747,5.033749275315699,28.05574308431453,0.014187532513143055,1.59467761151244,12470.0,16.445320330518104,0.7893064422585803,0.0,0.0,0.0,0.09639366226630999,15.656013888259533,6.424181481055519,19.457571369745878,0.014079897543251802,0,1,,,0.9493308934169501,87,0,0,,,0,414,,0,0,442,0,24.599999999999913,377,65,5.8,p5uhs4_1247,,10859.856629299997,4663.857497983297,4663.857497983297,1532.1416333333334,2387.5600574962396,43.92510190493269,43.92510190493269,12.149796190134623,0,80,1,2.5214105793450883,0.9790686106346485,0.3845005781752892,1168.0,524945.646344329,4880851.419070747,1073064.4328495434,11056218.236361684,1.999353169469599,63.068965611048725,168
p5uhs4_1247->p5udt2507,,15.760049599829813,7.876449397005501,5.0346822638722,0.0,0.0,7.883600202824313,2.4691835124199,20.881245121933418,0.012918073442483453,1.8804100016887901,12470.0,20.175861944114114,0.8201787135870997,0.0,0.0,0.0,0.08010801302569,19.355683230527024,3.9124435993941824,10.887280804356065,0.016537591757470587,0,4,,,0.95481190137488,51,0,0,,,0,539,,0,0,411,0,25.924999999999915,345,66,5.2272727272727275,p5uhs4_1247,,17200.985526300155,6758.858713150017,6758.858713150017,3683.2680999999993,3522.8756142704806,43.391983314591705,43.391983314591705,13.216033370816588,0,77,5,2.8529411764705883,0.9794589007383102,0.23840421689384686,1220.0,567243.2751596177,7997658.496648918,1637973.3618186372,12053919.597141838,1.9993859379797358,79.67252087546838,203
p5uhs4_1247->p5udt7236,,4.186204127719179,3.1329915419617005,2.4537077705681,0.0,0.0,1.0532125857574801,0.2999769785973,43.10573994501535,0.024480725893094614,1.3099289510484502,12470.0,2.20200485019869,0.6485560620282299,0.0,0.0,0.0,0.05472191946182,1.5534487881704595,0.35601174313533995,5.572950796787741,0.01287722134619117,0,0,,,,10,0,0,,,0,68,,0,0,71,0,11.725000000000012,46,25,1.84,p5uhs4_1247,,10273.191116499996,3538.5881582499983,3538.5881582499983,3196.0148000000004,2444.2844681720103,35.94365286120008,35.94365286120008,28.112694277599854,0,49,5,2.2096774193548385,0.9778876470588236,0.04446179113061028,171.0,143884.81586002238,8644188.374809474,2056698.3661546344,9865786.350636048,1.9956989247311827,22.280237300704485,59
p5uhs0_1247->p5udt119,,25.52580955401039,12.285710061389185,6.467284732156102,0.0,0.0,13.24009949262117,7.754468863777796,25.86442081221089,0.01285934990126468,2.72294104571049,12470.0,29.459970716080345,0.8216403024532998,0.0,0.0,0.0,0.09754232248320001,28.638330413627052,10.035539420645643,18.25115397353819,0.014841295071073221,0,0,,,,133,0,0,,,0,668,,0,0,654,0,36.9999999999998,577,77,7.4935064935064934,p5uhs0_1247,,16134.105399600117,7020.5215664667,7020.5215664667,2093.0622666666673,3341.9119439343367,44.468921093975936,44.468921093975936,11.062157812048131,0,87,1,2.9001692047377325,0.9787112121212123,0.40720855419907753,1985.0,818315.6268316596,6651279.885864904,1377702.149731404,15253238.38426763,1.9996045086019378,81.26572688440388,216
p5uhs26_1247->p5udt22654,,29.226249999047724,12.323195242516665,8.168881893973225,0.0,0.0,16.90305475653107,10.191909638662697,32.33511739091756,0.015662513397131685,2.04636821657053,12470.0,27.556570086810957,0.8363698771534601,0.0,0.0,0.0,0.096193823139,26.720200209657516,7.673732327771891,13.514179669429582,0.014767722447379934,0,1,,,1.29791159862619,83,0,0,,,0,670,,2,0,632,0,36.59999999999984,572,60,9.533333333333333,p5uhs26_1247,,14928.896676700178,6767.331621683402,6767.331621683402,1394.2334333333338,3110.707937714868,45.65186795439076,45.65186795439076,8.69626409121848,0,67,1,2.8297872340425534,0.9791842895442361,0.4798834818772158,1866.0,525432.3253790444,4203711.091201534,875919.8849349275,10305907.346662883,1.999580448919656,88.8421612039197,239
p5uhs7_1247->p5udt2039,,26.457878761047336,13.23126484595688,8.634015475366299,0.0,0.0,13.226613915090434,8.538277179307402,32.69655690436636,0.014682507636541253,1.7011130951670002,12470.0,26.062307706600205,1.68956543708364,0.0,0.0,0.0,0.1004318219074,24.372742269516564,11.61647329361799,22.118111291881537,0.014462989848279803,0,1,,,0.9304488889488,96,0,0,,,0,512,,1,0,624,0,39.2999999999998,524,100,5.24,p5uhs7_1247,,15631.055156800108,6630.765845066682,6630.765845066682,2369.523466666667,3271.5150181901454,42.724184361883644,42.724184361883644,14.551631276232715,0,130,2,2.759856630824373,0.9781212458286987,0.363485154875267,1802.0,592982.6833243477,5143698.684833635,1076554.8024541035,12932419.231213508,1.9995547640249332,69.27449308431844,162
p5uhs26_1247->p5udt12371,,23.89396945175818,11.799657702168208,8.6196583877258,0.0,0.0,12.09431174958998,5.301936665004601,26.20423890838206,0.013157472165065078,2.2892982856215998,12470.0,29.233294047115056,1.1585113830143206,0.0,0.0,0.0,0.11056669360289999,28.074782664100727,9.18566492715401,17.289926719731813,0.016097628880569963,0,2,,,1.3380616784162,92,0,0,,,0,669,,0,0,625,0,33.54999999999986,553,72,7.680555555555555,p5uhs26_1247,,13575.175593200142,6151.64641326671,6151.64641326671,1271.882766666667,2868.0725686614833,45.3154095210976,45.3154095210976,9.369180957804797,0,84,0,2.774597495527728,0.9777487320837928,0.4792830475105674,1816.0,594167.3273822761,4441589.0974431895,938389.3242621217,10977045.06259652,1.9995744680851064,64.7306150244733,173
p5uhs7_1247->p5udt2290,,11.72269815114468,4.3847472801756116,2.1530584064117,0.0,0.0,7.337950870969059,4.750275786204199,27.463439837356184,0.012072809630427065,2.634259740876821,12470.0,13.413753194712879,0.22432310202865002,0.0,0.0,0.0,0.076080043869,13.189430092684226,5.194410836801504,20.664853464518703,0.013814369922464344,0,1,,,1.9997688526069994,47,0,0,,,0,275,,1,0,290,0,14.825000000000042,266,24,11.083333333333334,p5uhs7_1247,,6817.997387299923,3046.8368103166295,3046.8368103166295,724.3237666666666,1425.5698961516975,46.323437265434016,46.323437265434016,7.353125469131981,0,26,1,3.198501872659176,0.9794818556701032,0.45419261438384134,971.0,592631.3787384962,4161235.007076229,870069.4676050211,9048156.735116614,1.9991463935125906,56.13389594092256,142
p5uhs7_1247->p5udt1899,,22.32858614613347,12.54099334010173,9.338558804333331,0.0,0.0,9.787592806031734,5.164983824709299,32.55626859191933,0.0165030200636611,2.5332711270574495,12470.0,22.22056907444517,1.1634302242011294,0.0,0.0,0.0,0.0807820203631,21.05713885024405,7.353436268926199,16.506342785888382,0.01642318482959732,0,3,,,1.5060292476267165,73,0,0,,,0,465,,0,0,486,0,29.99999999999991,409,77,5.311688311688312,p5uhs7_1247,,13432.092720200026,5582.563526766656,5582.563526766656,2266.965666666667,3088.6277720218945,42.744462255936675,42.744462255936675,14.51107548812664,0,93,2,2.636568848758465,0.9758148668639053,0.3291219945311796,1353.0,385070.9181894349,3822844.254968994,879039.7133169695,8538157.831251305,1.9994318181818183,73.05638191376683,184
p5uhs6_1247->p5udt8728,,7.944105967828329,7.289520252104008,5.701686632051713,0.0,0.0,0.65458571572432,0.52661758940352,59.35093220870623,0.03694933008292246,1.4804157053507703,12470.0,2.5499233416921014,1.0932284121292295,0.0,0.0,0.0,0.0694017347723,1.45669492956287,0.8378695001385699,7.984249666412071,0.011860108566009775,0,3,,,1.19336618885201,17,0,0,,,0,67,,2,0,134,0,22.749999999999975,53,81,0.654320987654321,p5uhs6_1247,,14861.696053600004,5053.217960133328,5053.217960133328,4755.260133333332,4643.968492802028,34.51304932719753,34.51304932719753,30.973901345604947,0,111,7,1.6116504854368932,0.9623948113207547,0.02673161266164877,215.0,139776.1770958446,9661911.904802833,3019144.9417554364,14790269.902002145,1.9968,23.60091282051282,59
p5uhs3_1247->p5udt6002,,5.056139975409551,3.1803418389924394,2.86702253373474,0.0,0.0,1.87579813641711,0.8037182229745,45.489131617398954,0.02351693011818396,1.4836313189169001,12470.0,3.0133496503392796,0.64145532007089,0.0,0.0,0.0,0.0889005431636,2.3718943302683897,0.8811729631890601,10.919810348071291,0.014015579769019905,0,3,,,0.8115360436357334,11,0,0,,,0,84,,0,0,97,0,14.000000000000012,66,31,2.129032258064516,p5uhs3_1247,,15117.565840300009,5194.208470149989,5194.208470149989,4729.148899999999,3159.925957324614,36.24392942523947,36.24392942523947,27.512141149521064,0,43,8,2.2098765432098766,0.9777148837209303,0.041017147430815276,215.0,133246.36186590054,9369119.295293916,1958365.7561819896,8676507.284291206,1.9966887417218544,25.16876983734748,58
p5uhs9_1247->p5udt24963,,6.186875844816599,5.501323123541099,5.296364955521799,0.0,0.0,0.6855527212755,0.6646514164001001,73.04845582339736,0.04989416003884354,1.3699042081338004,12470.0,1.9734833369480493,0.9408375969115099,0.0,0.0,0.0,0.07646964348600001,1.03264574003654,0.81717720582644,10.013985752643409,0.015915188201193947,0,0,,,,11,0,0,,,0,13,,1,0,95,0,9.8,28,67,0.417910447761194,p5uhs9_1247,,3669.2160799999974,1287.1143066666675,1287.1143066666675,1094.9874666666665,759.9848412509099,35.07872740671809,35.07872740671809,29.84254518656383,0,82,0,1.3287671232876712,0.9790169354838711,0.06981576293539053,124.0,76398.92546324061,2260678.756487449,468242.13903162105,6037979.593062564,1.994413407821229,16.445675476894667,38
p5uhs3_1247->p5udt7358,,2.4771194142835,2.2912497012471005,2.2028284836729,0.0,0.0,0.18586971303639996,0.18214148703639996,65.7992488071198,0.03096399267854375,0.8313416436020999,12470.0,1.1474963890070005,0.5903488850548299,0.0,0.0,0.0,0.11027483564419999,0.5571475039521699,0.45316349044907,12.502386874704872,0.014343704862587505,0,1,,,0.7667466484745,6,0,0,,,0,8,,0,0,42,0,11.85,13,29,0.4482758620689655,p5uhs3_1247,,11071.977114999996,3716.1059408333317,3716.1059408333317,3639.765233333333,2282.419638724345,33.9032076936503,33.9032076936503,32.19358461269939,0,53,5,2.0,0.97775,0.009193264124625003,80.0,100687.22177177007,13935082.690374596,2872631.1542560183,14914294.724943442,1.99009900990099,10.066696221860992,22
p5uhs3_1247->p5udt6366,,3.6911068871697608,3.471220902246461,3.221103074443211,0.0,0.0,0.2198859849233,0.17006166197380002,59.49044832479077,0.02694238603773548,1.10709444269585,12470.0,2.00924473550216,1.0343702806825201,0.0,0.0,0.0,0.11319869688470001,0.9748744548196401,0.89947632834088,15.779313064888957,0.01466601996716905,0,1,,,0.6885769339324999,10,0,0,,,0,13,,0,0,76,0,19.79999999999999,27,49,0.5510204081632653,p5uhs3_1247,,12339.558440999992,4155.564887166665,4155.564887166665,4028.428666666667,2796.0040145210387,33.872231245253154,33.872231245253154,32.255537509493685,0,85,5,1.6923076923076923,0.9709569343065693,0.013737522414370002,137.0,124099.86515154905,11177646.266844949,2532727.8917171583,17935600.948909998,1.994413407821229,13.374849381093219,35
p5uhs1_1247->p5udt6240,,2.214325071273771,1.9596547688390205,1.5198651396285998,0.0,0.0,0.25467030243475003,0.1295490805561,43.53418195036578,0.01994887451597992,1.01567900604282,12470.0,1.5744545641520904,0.5326240100379199,0.0,0.0,0.0,0.0840456472664,1.04183055411417,0.5239801056294999,13.82978573707954,0.014184275352721536,0,0,,,,8,0,0,,,0,44,,0,0,70,0,7.825000000000001,42,28,1.5,p5uhs1_1247,,3913.358720000002,1430.2041766666678,1430.2041766666678,1052.9503666666662,846.4035594332977,37.49609763408676,37.49609763408676,25.007804731826468,0,40,1,1.5849056603773586,0.9770081081081081,0.1285353876273325,111.0,166732.13847208073,5878222.234179865,1271375.4547269784,11753864.7166129,1.9941690962099126,19.17756977477708,51
p5uhs25_1247->p5udt26874,,4.796374101448167,1.7135126156090998,1.3773180340831999,0.0,0.0,3.082861485839069,0.6323414292792001,20.511042204937198,0.01636987747934528,1.9493627399901996,12470.0,5.001565190386824,0.09476310398407999,0.0,0.0,0.0,0.06743006245220001,4.906802086402744,1.5570354347881095,15.891458279249072,0.017070188363094964,0,0,,,,10,0,0,,,0,165,,0,0,126,0,7.9500000000000135,118,8,14.75,p5uhs25_1247,,4173.609641000002,1708.7680705000018,1708.7680705000018,756.0735000000002,847.4721844276779,44.396500569016126,44.396500569016126,11.206998861967744,0,10,1,2.302752293577982,0.980018771331058,0.3043551114255574,293.0,174206.58761505893,2481468.5788256708,503874.53019735724,4726765.773173109,1.997690531177829,48.96177495361038,118
p5uhs3_1247->p5udt7453,,2.7629790301721,2.3862386238800006,1.9522985936910002,0.0,0.0,0.37674040629210004,0.37239080929210006,63.732641994239536,0.03250563564908353,1.0767622421856902,12470.0,0.8845857502009106,0.4717687052052698,0.0,0.0,0.0,0.08339948356350001,0.41281704499564,0.38718629902793994,10.614925911976405,0.010406891178834242,0,3,,,0.7823752869457967,4,0,0,,,0,12,,0,0,36,0,11.900000000000004,10,26,0.38461538461538464,p5uhs3_1247,,14295.549459999995,4779.728296666662,4779.728296666662,4736.092866666664,3060.788570619292,33.666347662917396,33.666347662917396,32.6673046741652,0,52,11,2.323529411764706,0.9772517647058822,0.004069838203569662,85.0,83824.70974971875,14097885.696438212,3018467.2180872783,11735459.364960628,1.9900497512437811,9.100995024875623,25
p5uhs25_1247->p5udt11223,,4.433404600036298,1.1066810756381,1.1066810756381,0.0,0.0,3.3267235243981994,3.3254807823981993,81.77354833215091,0.08692950196149604,1.8712449720638005,12470.0,0.9866388595352205,0.19548378262825009,0.0,0.0,0.0,0.06035625071399999,0.7911550769069703,0.7911550769069703,14.596840095623792,0.019345859990886675,0,0,,,,2,0,0,,,0,0,,0,0,40,0,4.325,24,16,1.5,p5uhs25_1247,,1607.9153190000002,562.5987095000002,562.5987095000002,482.71790000000004,333.31513524599336,34.98932455285601,34.98932455285601,30.021350894287984,0,21,0,1.3,0.9674901960784313,0.06623964878090707,51.0,28871.61510270921,910257.1021160373,188693.0645633291,2448426.182729752,1.986206896551724,11.166091954022988,27
p5uhs19_1247->p5udt17094,,9.199320586354869,2.934524463956801,1.0211312134549,0.0,0.0,6.264796122398066,2.753192188373701,19.485138246448216,0.013468990609597173,2.0099435541835993,12470.0,10.170946917477655,0.08439874755086,0.0,0.0,0.0,0.07855882948962001,10.086548169926795,2.50303821541938,12.922063233892558,0.01489157674594093,0,1,,,1.4623174236975,36,0,0,,,0,328,,2,0,247,0,10.525000000000032,238,9,26.444444444444443,p5uhs19_1247,,6621.231949999907,2859.4254416666295,2859.4254416666295,902.3810666666667,1353.7495435101812,48.7021128337562,48.7021128337562,2.5957743324875797,0,9,1,2.6363636363636362,0.9796442166910688,0.3940947122385576,683.0,321147.2685389824,3113309.7439319324,636534.3604453718,4948865.302156369,1.9989429175475688,65.18751725934465,164
p5uhs3_1247->p5udt2480,,0.8395785686466498,0.76155722507203,0.7603144830720301,0.0,0.0,0.07802134357462,0.0695118417135,62.303745801829095,0.016462324875424508,0.5173527054588299,12470.0,0.49232582025635,0.24619749874488997,0.0,0.0,0.0,0.0447935790593,0.2461283215114599,0.21310866657145996,16.000297645012136,0.009653447456006863,0,0,,,,3,0,0,,,0,4,,1,0,22,0,5.250000000000003,10,12,0.8333333333333334,p5uhs3_1247,,9923.739791999995,3326.7017793333316,3326.7017793333316,3270.336233333333,2030.5361222627953,34.2872685539143,34.2872685539143,31.425462892171392,0,25,6,2.15,0.9783568627450979,0.00757315920293649,51.0,112178.51029371997,21828046.00802098,4466323.8684907295,11547787.824353531,1.9830508474576272,9.473272490221643,23
p5uhs27_1247->p5udt23432,,26.486392935644517,10.758047250089657,5.37823824627623,0.0,0.0,15.728345685554883,7.054077150582751,23.663538127164944,0.017132207590973166,3.958376847432,12470.0,26.051462266097705,0.8300992868521203,0.0,0.0,0.0,0.080443932402,25.221362979245587,7.394325370101342,14.074280995498532,0.016850881155302526,0,5,,,1.6499426924919742,66,0,0,,,0,857,,1,0,647,0,33.33499999999977,599,48,12.479166666666666,p5uhs27_1247,,13083.599566000144,6032.131516333391,6032.131516333391,1019.3365333333336,2680.0488529777404,46.10452563840976,46.10452563840976,7.7909487231804855,0,65,0,2.3220640569395017,0.9796326649417852,0.5108476922030551,1546.0,288115.26079762925,2438282.4716234673,499458.5861746887,6212368.834856989,1.9995411791695343,105.3429331958766,315
p5uhs27_1247->p5udt16841,,14.852202453421299,5.5129016264809,5.418529352428401,0.0,0.0,9.3393008269404,9.3268734069404,63.99049510233571,0.04219375696994687,5.006554227855501,12470.0,8.190911583729791,0.19727371014456,0.0,0.0,0.0,0.08197753816709999,7.993637873585228,7.88829224980983,34.232752730781044,0.023269635181050543,0,1,,,2.4670294055742006,20,0,0,,,0,4,,0,0,269,0,13.350000000000064,253,16,15.8125,p5uhs27_1247,,4710.017666999995,1984.8166668333333,1984.8166668333333,740.3843333333332,957.2569900758151,42.14032318264197,42.14032318264197,15.719353634716063,0,18,0,1.2916666666666667,0.9795860795454545,0.35227959397234615,352.0,84470.60742655589,1130278.5605718726,229716.1347017633,3203643.7759787682,1.9979508196721312,37.49237074401009,93
p5uhs15_1247->p5udt31571,,26.231842470820858,13.462461131455264,9.3116727460303,0.0,0.0,12.769381339365594,5.204938719440792,30.39861275664051,0.01973803045208492,3.1490570270296003,12470.0,21.522348095983784,0.8989620071367596,0.0,0.0,0.0,0.0827690405469,20.623386088847017,4.873643934080556,10.205688498190925,0.016194392848746263,0,1,,,1.6085972912511999,66,0,0,,,0,801,,1,0,626,0,33.38499999999981,548,78,7.0256410256410255,p5uhs15_1247,,14988.5063410001,6502.93210383337,6502.93210383337,1982.6421333333337,3052.216644089686,44.898689504494165,44.898689504494165,10.20262099101167,0,92,2,2.0754352030947776,0.9796827689992476,0.40211166855988983,1329.0,287166.9857537432,3238678.8464227733,659515.3149365243,7213747.042429393,1.9995011224744326,118.60283623324565,276
p5uhs15_1247->p5udt17500,,17.883123425523575,13.24070973486655,7.852266942564601,0.0,0.0,4.64241369065703,1.3967654426653802,31.186729623014664,0.022438046957996956,2.1479817929142797,12470.0,11.773825209464219,2.33591724141276,0.0,0.0,0.0,0.07230750168928,9.437907968051466,1.6318264383038992,5.502340980483581,0.014772679058298894,0,2,,,1.6258198001896502,55,0,0,,,0,569,,2,0,454,0,36.82499999999993,307,147,2.0884353741496597,p5uhs15_1247,,15662.253236000053,6032.730734666674,6032.730734666674,3596.791766666664,3242.55418311571,39.20497545545964,39.20497545545964,21.590049089080726,0,186,2,1.7115902964959568,0.9795515683814304,0.20737237325052202,797.0,277956.4438781606,5462263.754827839,1130851.7312686285,12842843.21933908,1.9992345962495217,86.28903017015288,194
p5uhs11_1247->p5udt24796,,26.23474210480607,9.082881930588258,6.912470583251496,0.0,0.0,17.151860174217806,15.297241039589707,51.66180974965587,0.03329281992995694,3.8085830647362027,12470.0,16.755837842868228,0.56067088878831,0.0,0.0,0.0,0.0950774680004,16.195166954079916,13.632511037089724,31.710460881622076,0.021263753607700796,0,3,,,2.450509470469267,55,0,0,,,0,206,,1,0,601,0,21.47499999999989,563,38,14.81578947368421,p5uhs11_1247,,7737.016635999973,3612.990701333321,3612.990701333321,511.03523333333334,1596.2269319942718,46.69746584907475,46.69746584907475,6.605068301850489,0,45,0,1.2975391498881432,0.9792729695431474,0.5345653006296571,788.0,164644.9959943756,1616574.9657901435,333516.21424405,4486994.021547206,1.9991755976916736,70.76868835043048,182
p5uhs11_1247->p5udt19826,,11.656546615448361,7.0245539813283004,6.899285339179901,0.0,0.0,4.631992634120057,2.6588729172675,57.80262001057245,0.04757774128754433,6.48821993281955,12470.0,4.879309812338402,0.54817765317199,0.0,0.0,0.0,0.0782017772856,4.33113215916641,2.2786008556912503,13.779757133487818,0.019915550254442457,0,2,,,4.1912690905103505,10,0,0,,,0,120,,0,0,188,0,15.550000000000034,148,40,3.7,p5uhs11_1247,,6749.714940000001,2524.004386666668,2524.004386666668,1701.7061666666666,1374.216950844721,37.97206739537044,37.97206739537044,24.05586520925912,0,43,1,1.2876712328767124,0.9796232653061226,0.16243613788327907,245.0,92238.86161230123,2541167.4378495603,517372.2740989583,5854344.073760357,1.9975062344139651,42.6715047587025,127
p5uhs28_1247->p5udt9102,,19.008157513856393,9.273725171673181,4.250444767392899,0.0,0.0,9.734432342183228,3.0871308824841006,18.326443763716213,0.014700817876145703,5.12575470373323,12470.0,21.030028532933382,0.4133108423156299,0.0,0.0,0.0,0.08025425269054,20.616717690617754,5.338906164125467,13.33453558032391,0.016264523227326667,0,3,,,3.14520909390645,52,0,0,,,0,883,,3,0,624,0,32.17499999999975,599,25,23.96,p5uhs28_1247,,12293.02321000005,5732.54558833335,5732.54558833335,827.9320333333335,2496.2689984716353,46.63251252686226,46.63251252686226,6.734974946275492,0,36,0,2.0247619047619048,0.9799982211910286,0.5319671677411556,1293.0,322855.62684737245,3069506.352910955,623305.8718338921,8033936.422130029,1.9995028585632613,142.77760065105505,351
p5uhs28_1247->p5udt30878,,9.066572066519766,4.36412416931062,1.4800651464736996,0.0,0.0,4.70244789720915,1.8689488819446,20.03229699755118,0.018928125399832497,3.81198800383232,12470.0,7.651500897492772,0.11858548014419,0.0,0.0,0.0,0.07240966750910001,7.5329154173485815,2.2906859996896105,13.701854302350277,0.015973905840277185,0,0,,,,21,0,0,,,0,278,,0,0,213,0,9.775000000000025,207,6,34.5,p5uhs28_1247,,3824.707644,1839.8448220000005,1839.8448220000005,145.018,779.4971234525423,48.1041949673265,48.1041949673265,3.7916100653469966,0,7,0,2.2033898305084745,0.9795405010438415,0.590834465359727,479.0,196023.98640187047,1565207.597491829,318998.19108133257,4000280.7245893297,1.9985795454545454,62.67796064321251,171
p5uhs28_1247->p5udt12928,,25.355584446608727,13.176364325828533,7.9187162454578175,0.0,0.0,12.179220120780187,3.355746707477501,24.66276095614594,0.020564139859374473,2.84065911679352,12470.0,20.358936214654587,1.9431714925518504,0.0,0.0,0.0,0.0768153121733,18.41576472210273,2.581392868612111,5.646767878722354,0.016511708203288393,0,3,,,1.8906426253987736,66,0,0,,,0,872,,0,0,593,0,36.82499999999981,492,101,4.871287128712871,p5uhs28_1247,,15958.86434400014,6663.1665386667055,6663.1665386667055,2632.5312666666655,3251.9465077356667,42.553876377639746,42.553876377639746,14.892247244720505,0,135,1,2.027944111776447,0.9796847526358473,0.3367520549597982,1233.0,330344.30846066406,4275685.324846938,871258.7349951422,9866122.594536813,1.9994882292732856,93.86065479931436,245
p5uhs24_1247->p5udt29597,,23.08093535513471,5.9073119474725795,5.133735636353202,0.0,0.0,17.17362340766213,15.398509494052627,48.74403185389922,0.025308043152559988,3.2682762372429806,12470.0,19.041647347804705,0.01283366614609,0.0,0.0,0.0,0.1184569868351,19.02881368165861,16.479445764862273,39.12259103645204,0.020878999284873582,0,2,,,1.9765930067586799,55,0,0,,,0,129,,0,0,539,0,19.624999999999947,536,3,178.66666666666666,p5uhs24_1247,,7468.712985999968,3717.351309666651,3717.351309666651,34.01036666666667,1520.900893622605,49.77231440858406,49.77231440858406,0.4553711828318852,0,3,0,1.644859813084112,0.9797031798245616,0.657559243010029,912.0,241247.49720198408,1975667.0122724227,402317.4715775378,5191318.127838733,1.9991853360488798,47.53325863920578,121
p5uhs13_1247->p5udt27754,,26.7891676620242,10.58992714258358,6.165979573046298,0.0,0.0,16.199240519440597,8.102170242030102,26.91050975365596,0.018999409689378865,4.551347750336659,12470.0,26.231566414326704,0.9680454881102799,0.0,0.0,0.0,0.0858078554224,25.263520926216433,7.890065481087366,14.881094384180942,0.018603947811579223,0,2,,,2.6446995938865396,71,0,0,,,0,871,,0,0,704,0,32.12499999999968,667,37,18.027027027027028,p5uhs13_1247,,13775.002213000094,6232.652023166695,6232.652023166695,1309.698166666667,2829.229775632776,46.58942081526755,46.58942081526755,6.821158369464905,0,47,1,1.969283276450512,0.9795492198581561,0.47651088354371884,1410.0,399299.4603433305,3900958.120481646,801212.711062021,9097514.300375436,1.9995449374288965,126.7168724752908,340
p5uhs28_1247->p5udt31165,,12.286598870467586,3.931937822067498,2.5432679611853,0.0,0.0,8.354661048400093,2.3693823199403994,18.069267210795037,0.013867493081791858,2.415382104384899,12470.0,14.901278888021473,0.19328544038106,0.0,0.0,0.0,0.0800772613749,14.707993447640417,3.648995449818254,13.42140597450238,0.016818599196412497,0,0,,,,27,0,0,,,0,493,,1,0,383,0,18.724999999999977,374,9,41.55555555555556,p5uhs28_1247,,7335.94219999998,3490.649449999991,3490.649449999991,354.64330000000007,1489.5749995860037,47.582837416576155,47.582837416576155,4.834325166847702,0,12,0,2.169642857142857,0.9800014672686231,0.5699801633297128,886.0,320564.1327023779,2654221.161284162,538943.9253244156,6774902.2402393,1.999237514296607,71.64192950176998,189
p5uhs10_1247->p5udt14571,,17.53140514473212,8.211804009213603,4.08713307723323,0.0,0.0,9.319601135518509,1.8960587953640902,17.215354405433125,0.014894991626790246,3.91137681102025,12470.0,17.223568419500975,0.6272480201236499,0.0,0.0,0.0,0.07433519060503001,16.596320399377312,1.88427358714743,5.421594073909946,0.014633448104928611,0,2,,,3.0133441884881895,48,0,0,,,0,763,,1,0,508,0,29.72499999999992,455,53,8.584905660377359,p5uhs10_1247,,11633.52653000004,5299.159631666682,5299.159631666682,1035.2072666666668,2379.208454444946,45.55075898955867,45.55075898955867,8.898482020882655,0,66,0,2.2528735632183907,0.9798971962616821,0.48869702624901296,1177.0,510074.4073201158,5041600.806994573,1031073.3579371405,12881870.65215837,1.999439932791935,86.948727180595,217
p5uhs17_1247->p5udt28507,,18.792304537408597,10.498355356559536,7.925783396098902,0.0,0.0,8.293949180849078,2.665720736373001,28.47282442424547,0.015045880334194232,5.239637057846971,12470.0,18.406337840524657,1.45208802283177,0.0,0.0,0.0,0.0735388228903,16.954249817692883,3.76039535222247,10.108958585147688,0.014736859760227908,0,4,,,3.671663550121059,44,0,0,,,0,551,,0,0,457,0,33.97499999999996,376,81,4.6419753086419755,p5uhs17_1247,,17364.502443000216,7053.15998816673,7053.15998816673,3258.182466666665,3621.6512934103102,42.57581276867574,42.57581276867574,14.848374462648522,0,106,3,2.5869565217391304,0.9790556445156126,0.29139735188360905,1249.0,551915.332965979,7673126.619389128,1600356.1885422098,15013069.205379594,1.9993984962406015,87.47984510011491,217
p5uhs17_1247->p5udt8754,,11.407542756719069,8.912354016670905,7.279860598735602,0.0,0.0,2.4951887400481696,0.7061642187165003,43.40048839218228,0.023569303216361713,2.6036105417373,12470.0,6.993229016371443,1.2013831734173996,0.0,0.0,0.0,0.103561419086,5.79184584295404,1.03822918721753,5.642313268271973,0.01444882028175918,0,0,,,,29,0,0,,,0,248,,1,0,229,0,22.174999999999976,159,70,2.2714285714285714,p5uhs17_1247,,8301.132768999974,3261.6407011666543,3261.6407011666543,1777.851366666667,1826.6532313019777,39.29151348291926,39.29151348291926,21.41697303416148,0,83,0,2.0673575129533677,0.9770830578512398,0.23832720598343712,484.0,193517.01927124464,3319029.8967597694,730348.116867244,8866198.145330258,1.998582565556343,57.66634799523501,156
p5uhs14_1247->p5udt12053,,19.994005573161058,10.058422507547327,5.719159391946699,0.0,0.0,9.935583065613748,1.5407451314787004,18.306831644463365,0.015620316854032076,5.25529939119636,12470.0,19.6627994077328,1.24086870313662,0.0,0.0,0.0,0.0816755518611,18.421930704596182,1.86962712081852,4.71451777751456,0.015361562037291249,0,2,,,4.262047752350101,52,0,0,,,0,843,,2,0,554,0,35.899999999999885,480,74,6.486486486486487,p5uhs14_1247,,15010.137160000122,6421.914830000045,6421.914830000045,2166.3075000000003,3062.2245514811716,43.54103750068699,43.54103750068699,12.917924998626015,0,87,1,2.3126338329764455,0.9797892968750002,0.37802073666505187,1280.0,399501.4095228911,4684821.05668123,955752.3629627586,11204766.095212301,1.999485596707819,89.68415995176493,244
p5uhs14_1247->p5udt30754,,10.695520643678297,6.930665270615423,4.262953027760003,0.0,0.0,3.7648553730628787,1.8137313072635004,29.84941133759345,0.01565962026892869,2.387309326891231,12470.0,9.662282283477936,0.8083892179105399,0.0,0.0,0.0,0.0693294071879,8.853893065567393,2.683149068241489,13.17995403454029,0.014146826183715865,0,1,,,1.83058427444083,37,0,0,,,0,344,,2,0,311,0,18.999999999999996,243,68,3.573529411764706,p5uhs14_1247,,8400.762769999981,3560.273518333321,3560.273518333321,1280.2157333333332,1707.5835699599706,43.72456682165849,43.72456682165849,12.550866356683013,0,81,1,2.2007575757575757,0.9798229868228404,0.3618810731714849,683.0,285479.53774473554,3511340.9550260305,713733.7748355457,7941597.682503623,1.9989790709545687,63.71037734225786,180
p5uhs18_1247->p5udt9682,,17.596414333340878,8.050109915537092,3.463657717349791,0.0,0.0,9.546304417803785,2.8273050959308996,15.463452589573548,0.012515230678051834,2.1525403631952904,12470.0,23.086368355969157,1.0578921866818705,0.0,0.0,0.0,0.0718598163112,22.0284761692873,3.8244408254788005,9.400637254058154,0.016419892145070523,0,1,,,1.15097675632881,65,0,0,,,0,789,,1,0,570,0,30.799999999999837,502,68,7.382352941176471,p5uhs18_1247,,12044.89950000005,5458.30916666668,5458.30916666668,1128.2811666666669,2535.7735009045628,45.31635292321591,45.31635292321591,9.367294153568192,0,79,0,2.4339622641509435,0.9785720483641537,0.4793207835953012,1406.0,621979.9992257586,5328368.8347684005,1121764.153719288,13625166.412626788,1.999507874015748,109.95361225075145,255
p5uhs24_1247->p5udt18206,,26.27338818094544,10.250071989932163,6.774822988041102,0.0,0.0,16.023316191013265,13.575468377721146,46.901252387776864,0.027743810117154634,7.341771184151258,12470.0,17.116266315926424,0.27962029918969006,0.0,0.0,0.0,0.09761614135800001,16.836646016736733,11.817455265112299,27.23565191320956,0.018074198855254936,0,2,,,5.686287971272456,60,0,0,,,0,344,,0,0,597,0,24.499999999999808,560,37,15.135135135135135,p5uhs24_1247,,9842.70720999998,4435.912071666649,4435.912071666649,970.8830666666668,2064.4602533553216,46.22044431342173,46.22044431342173,7.559111373156546,0,38,1,1.5766738660907127,0.9782202745512145,0.4693869861982123,947.0,201106.4900496557,2090213.6215306604,438412.20211120555,5202860.619024842,1.9992992291520673,84.93926505275677,222
p5uhs24_1247->p5udt16214,,10.184829265246735,5.946919328044899,5.5207863273741,0.0,0.0,4.237909937201839,3.4134201267618995,54.17887089291512,0.03296061250888911,3.783530815169499,12470.0,6.305374954391791,0.47881130547814,0.0,0.0,0.0,0.0742068588524,5.82656364891365,4.622113531155582,28.029449906090377,0.020405744188970197,0,1,,,3.1927726516780996,17,0,0,,,0,61,,0,0,178,0,10.900000000000022,157,21,7.476190476190476,p5uhs24_1247,,4354.202923999997,1794.3010786666662,1794.3010786666662,765.6007666666669,891.0635882968077,41.208485456124016,41.208485456124016,17.583029087751978,0,32,0,1.6754966887417218,0.978943365695793,0.3150060849116274,309.0,103337.65182320704,1456158.9182132743,297994.88297654694,3645244.028715078,1.9976580796252927,29.43454016818997,79
p5uhs12_1247->p5udt26455,,12.837122491208943,3.96007133236271,2.8477163876356997,0.0,0.0,8.877051158846236,6.882285747087694,41.27433355162167,0.0232978629604518,3.1090122261281197,12470.0,10.736855081449166,0.32667832815687003,0.0,0.0,0.0,0.08288094946400001,10.410176753292292,7.005376508735946,29.716565595027195,0.019486125374680884,0,1,,,2.65128207514762,33,0,0,,,0,197,,0,0,318,0,13.325000000000061,307,11,27.90909090909091,p5uhs12_1247,,5076.159218999991,2404.4349761666613,2404.4349761666613,267.28926666666666,1034.1876213593557,47.36720958568235,47.36720958568235,5.265580828635297,0,20,0,1.736220472440945,0.9794607985480944,0.5613550500939604,551.0,187297.09669769867,1725498.8822031866,351543.2648299568,4529462.456437107,1.99875,44.69374296435272,144
p5uhs12_1247->p5udt10697,,32.17668950172596,10.436086115802675,8.115809397617202,0.0,0.0,21.740603385923258,16.71953834324183,42.05205575102342,0.02519709436313701,2.9390853892339006,12470.0,26.881892290091944,0.5675914642242,0.0,0.0,0.0,0.08465372092699999,26.314300825867758,17.091026667079834,28.93910782911428,0.02105081620210802,0,2,,,1.8474253268292358,66,0,0,,,0,479,,1,0,839,0,30.64999999999954,806,33,24.424242424242426,p5uhs12_1247,,11229.490924000036,5252.50017866667,5252.50017866667,724.490566666667,2332.8157381229325,46.774161128184964,46.774161128184964,6.451677743630069,0,40,0,1.51840490797546,0.9795490211433047,0.537633111794063,1277.0,288392.22120528604,2536020.2275465704,526833.1342051068,6921864.9803773565,1.9994910941475827,90.68282057409606,239
p5uhs20_1247->p5udt30630,,20.355813993149734,9.568514354860026,6.901491703326698,0.0,0.0,10.787299638289724,5.577130696226597,34.37477458320595,0.021563362280878955,2.1918135766575197,12470.0,15.94587103855319,0.51518705975366,0.0,0.0,0.0,0.08906899684170001,15.430683978799534,6.707603620067589,18.47738917411056,0.016891812540840243,0,2,,,1.3876950540574,59,0,0,,,0,467,,0,0,478,0,23.024999999999913,425,53,8.018867924528301,p5uhs20_1247,,9895.065348999973,4384.647391166639,4384.647391166639,1125.7705666666668,2290.1188758895064,45.707789253179364,45.707789253179364,8.58442149364127,0,55,1,1.9521410579345089,0.9764822033898306,0.4391248512342997,944.0,316775.3877308039,3320458.85863465,768488.6598088255,7726433.583158616,1.9992937853107344,56.535027599997605,162
p5uhs18_1247->p5udt29300,,17.496400986160847,8.918792383355948,5.007485911532899,0.0,0.0,8.577608602804908,2.6322596594745993,18.027376129078366,0.011073671510228384,1.6351646297272,12470.0,24.882176552278047,1.1346247135968408,0.0,0.0,0.0,0.074453915962,23.747551838681197,6.740460780277374,15.905349286826661,0.015748213007770916,0,2,,,1.2591278950240499,60,0,0,,,0,678,,2,0,553,0,32.84999999999986,479,74,6.472972972972973,p5uhs18_1247,,14513.62086000019,6411.877696666723,6411.877696666723,1689.8654666666673,3011.4127124454967,45.28540348040923,45.28540348040923,9.429193039181543,0,85,1,2.716024340770791,0.9794137974683546,0.43380052210256187,1580.0,572971.0452734344,5263218.047377614,1092058.4111389902,11912720.78305838,1.999517141477547,86.6334524291072,221
p5uhs20_1247->p5udt22271,,8.657678668703635,4.51666137332223,3.208354896519299,0.0,0.0,4.141017295381402,1.3514695597170998,28.944721779680126,0.02008742150511284,2.0843341524407,12470.0,7.0958825192207975,0.51226478300921,0.0,0.0,0.0,0.061849964460900006,6.583617736211584,1.89835728397535,12.050337452781767,0.01646376454575591,0,1,,,1.7199753711058998,22,0,0,,,0,215,,0,0,173,0,10.62500000000001,146,27,5.407407407407407,p5uhs20_1247,,4121.930854999999,1777.5509441666666,1777.5509441666666,566.8289666666667,968.0042192826423,43.12423004404489,43.12423004404489,13.751539911910207,0,30,0,2.439189189189189,0.9765354988399073,0.39163586842846265,431.0,215171.11257699653,2057820.0650482604,483263.4451096823,5304392.276405082,1.9983579638752051,42.42302466562235,104
p5uhs18_1247->p5udt13853,,16.249697398068104,10.232072524909018,5.777388068356701,0.0,0.0,6.01762487315908,2.0669690699263,23.845300737187753,0.014254120524621144,1.8832668232120995,12470.0,16.647170730122014,1.5746296975684397,0.0,0.0,0.0,0.09439537662628002,15.07254103255357,3.0626866817231586,9.30996430963794,0.014602781342212292,0,2,,,1.3397510618909996,48,0,0,,,0,507,,0,0,425,0,32.074999999999925,328,97,3.381443298969072,p5uhs18_1247,,12737.926705000056,5293.534302499993,5293.534302499993,2150.8580999999995,2633.5379500593835,41.557267717847175,41.557267717847175,16.885464564305657,0,123,0,2.616,0.9792913157894737,0.32895737538054987,1140.0,550964.2147819239,6156264.723657943,1272794.0076779525,15501909.815026464,1.9993525412754938,81.20944744597661,200
p5uhs11_1247->p5udt31727,,9.39282417766661,5.324107002087011,4.492783185618899,0.0,0.0,4.068717175579599,2.958260941789871,45.33401436082734,0.025386011290990836,3.4083187951260987,12470.0,7.043055663248477,0.26739065536528,0.0,0.0,0.0,0.09557161950186,6.775665007883199,4.699983707593319,28.595875323286872,0.019035285576347236,0,2,,,2.529332135121105,24,0,0,,,0,141,,1,0,246,0,13.975000000000044,217,29,7.482758620689655,p5uhs11_1247,,5758.927696000002,2323.979981333333,2323.979981333333,1110.9677333333334,1176.7982866716231,41.46876456847866,41.46876456847866,17.06247086304268,0,31,1,1.529100529100529,0.979515945945946,0.2808421548899402,370.0,136585.89586028835,2125914.3204129366,434416.3465726921,5158886.201750097,1.9982394366197183,44.27923465905565,105
p5uhs12_1247->p5udt23739,,13.06951458034199,8.322604903760107,6.987836920389904,0.0,0.0,4.746909676581873,3.943047500587801,50.0921883689052,0.031492806217691544,2.803015473633631,12470.0,8.752020427226313,0.93332519045296,0.0,0.0,0.0,0.075377894639,7.81869523677335,5.00053881598273,22.915614388485537,0.021089205848738104,0,2,,,1.91855090320514,27,0,0,,,0,171,,1,0,281,0,17.675,229,52,4.403846153846154,p5uhs12_1247,,7751.905760999972,3033.3029804999937,3033.3029804999937,1685.2997999999998,1752.0295269348023,40.0651911386961,40.0651911386961,19.869617722607796,0,64,1,1.4266666666666667,0.9781253012048193,0.23185751083848907,415.0,126300.89098716497,2359211.095091165,533211.783825751,5379200.598067809,1.9984555984555985,57.268187595853746,167
p5uhs25_1247->p5udt31077,,16.15434076671853,6.4255019441402,5.685349539506001,0.0,0.0,9.728838822578329,4.7105913680553,35.06096811091169,0.021859730401513573,2.5565765846826602,12470.0,13.496697033135808,0.31220752340966,0.0,0.0,0.0,0.0743183328098,13.18448950972615,5.214439656014671,17.586027481440418,0.018263460126029512,0,3,,,1.8489765598539867,40,0,0,,,0,411,,0,0,445,0,18.37500000000002,422,23,18.347826086956523,p5uhs25_1247,,7661.216275999974,3395.412121333322,3395.412121333322,870.3920333333335,1557.1418437953434,45.73302484780568,45.73302484780568,8.533950304388629,0,25,1,1.6704225352112676,0.979883355886333,0.4394463397689707,739.0,311395.9712323017,3228243.414189079,656140.3204263977,7742761.801615088,1.9991489361702128,65.9380868273507,186
p5uhs25_1247->p5udt33477,,9.812473749827438,5.54257787669491,3.0794052525669007,0.0,0.0,4.269895873132529,1.1245736399944002,24.28286648766525,0.021424615174295718,2.3011631411730398,12470.0,7.5000576792637625,0.39942200743331013,0.0,0.0,0.0,0.07922764216547,7.10063567183045,0.59999399834184,3.4656630129412327,0.016375671788785507,0,3,,,1.6553351940216534,29,0,0,,,0,344,,1,0,221,0,14.175000000000036,191,30,6.366666666666666,p5uhs25_1247,,6735.423299999991,2752.127816666665,2752.127816666665,1231.167666666667,1371.4549766891485,42.5825134991247,42.5825134991247,14.834973001750603,0,33,1,2.0833333333333335,0.9797388646288211,0.3010867730713626,458.0,222364.7186412682,3270132.1114286906,665858.5153289292,6882139.490698657,1.998645903859174,62.95144702970388,154
p5uhs17_1247->p5udt20156,,20.40319036912137,8.971983772839119,4.385728971791091,0.0,0.0,11.431206596282237,2.94241334046312,14.058891407481447,0.009837603842392174,1.581096032162201,12470.0,31.72141960086912,0.7446357703830799,0.0,0.0,0.0,0.10433450402936001,30.976783830486042,6.807207750948139,13.059489087529341,0.015294802121923395,0,2,,,0.9188748598802,66,0,0,,,0,886,,0,0,638,0,36.349999999999866,586,52,11.26923076923077,p5uhs17_1247,,14825.728263000266,6993.514864833443,6993.514864833443,838.6985333333332,3057.088151875558,47.17147610405612,47.17147610405612,5.6570477918877575,0,60,0,3.034188034188034,0.9795372709739634,0.5535257108289088,2074.0,784678.2960713289,5609174.152086592,1156620.4059563938,13752678.91137546,1.9996189024390243,89.62663173962358,217
p5uhs21_1247->p5udt26112,,11.429819155617464,6.334406053737629,3.7533368324245795,0.0,0.0,5.095413101879839,2.4325859411248,24.69676169850218,0.01226375445881702,1.86911037005379,12470.0,13.617686460977387,0.7317900309984603,0.0,0.0,0.0,0.0767739288647,12.885896429978922,3.792272063558782,15.14031824808243,0.014611251567572304,0,1,,,1.47167287867915,47,0,0,,,0,351,,0,0,344,0,19.874999999999993,289,55,5.254545454545455,p5uhs21_1247,,8950.879329999929,3964.359548333285,3964.359548333285,1022.1602333333332,1877.5528353798666,45.6060595361282,45.6060595361282,8.787880927743608,0,62,1,2.6363636363636362,0.9787090128755366,0.4382734115129624,932.0,467930.5330194774,4493980.403304602,942665.5569007854,9978668.823779088,1.9991809991809992,66.49307607111786,174
p5uhs21_1247->p5udt24017,,13.871972476517186,8.36742274735696,6.440956248692499,0.0,0.0,5.504549729160221,2.061505789682999,29.362013914830953,0.014540851652533738,2.7582018180773202,12470.0,15.0853805955105,1.3356063806193796,0.0,0.0,0.0,0.0754635816999,13.749774214891115,4.628941366969724,15.9853746143711,0.015812767919822328,0,2,,,1.6121486905988751,43,0,0,,,0,379,,2,0,403,0,25.574999999999942,323,80,4.0375,p5uhs21_1247,,10144.970111999985,4379.256639333311,4379.256639333311,1386.4568333333334,2122.2675627350527,43.166777141642996,43.166777141642996,13.666445716714001,0,101,0,2.262857142857143,0.9786168763102727,0.39333775233238455,954.0,327088.2847274391,3478302.8014100743,727640.3111401375,8768640.337425824,1.9992360580595874,72.61836152114648,209
p5uhs21_1247->p5udt30121,,18.36113928291607,13.48473273336953,9.97853029045622,0.0,0.0,4.876406549546551,1.7861275778828904,33.261913696772986,0.01737099269906913,2.6141445200261004,12470.0,17.008617176648364,1.9890906230405512,0.0,0.0,0.0,0.08361193030840001,15.019526553607815,3.994769540280978,11.294308867656174,0.016091406978853702,0,2,,,1.8843868102641952,61,0,0,,,0,581,,1,0,504,0,33.199999999999875,376,128,2.9375,p5uhs21_1247,,14322.169567000039,5933.479583500004,5933.479583500004,2455.2104,3320.4414255895067,42.19594043154666,42.19594043154666,15.608119136906682,0,150,1,2.0589622641509435,0.9761668874172187,0.32381213076491216,1057.0,302352.6721568227,4096827.0952370726,949805.4283511798,9496791.594708113,1.9993567063364426,80.13211695360296,246
p5uhs21_1247->p5udt27230,,10.558019399979534,7.96053154360444,6.042618042771099,0.0,0.0,2.5974878563750905,0.9434194493398997,35.04581736155385,0.01858806232390763,2.24904766179008,12470.0,9.375992753421855,1.3573621141157501,0.0,0.0,0.0,0.07218299136829999,8.018630639306103,2.158916412582751,10.830315522880674,0.016507029495461012,0,1,,,1.5594813809513797,32,0,0,,,0,215,,1,0,265,0,17.225,167,98,1.7040816326530612,p5uhs21_1247,,8172.036983999953,3208.2072253333176,3208.2072253333176,1755.6225333333334,1716.1597214239505,40.50805047922518,40.50805047922518,18.983899041549638,0,121,1,2.087719298245614,0.9763612676056339,0.23700083505805739,568.0,236389.90011965155,3401033.4620102947,714230.3259450294,7168690.19288908,1.998738170347003,45.525156932097,118
p5uhs17_1247->p5udt16311,,6.935069094662588,4.895769861777591,4.191786599347699,0.0,0.0,2.039299232884999,0.6361972848826002,38.49656792187526,0.018346743636673515,1.4847881253076,12470.0,5.606266782416595,0.9231159282213399,0.0,0.0,0.0,0.0662346689224,4.683150854195258,1.4612920062047494,11.65180504315683,0.014831393604276707,0,0,,,,14,0,0,,,0,147,,0,0,179,0,14.325000000000012,115,64,1.796875,p5uhs17_1247,,5624.384406999989,2224.2999034999966,2224.2999034999966,1175.7846,1182.3802567363557,39.54743741789197,39.54743741789197,20.905125164216063,0,72,0,2.1372549019607843,0.9777722222222224,0.24856416338234588,378.0,220500.53307068447,3280898.835814664,689723.483869363,8356270.20168666,1.9980879541108987,37.010015826982716,109
p5uhs29_1247->p5udt31103,,16.441229764446845,9.403696772081872,4.493184404873599,0.0,0.0,7.037532992364996,1.1729007135960101,15.511107680211708,0.012223962650146353,1.5718045846072601,12470.0,20.08798036861229,1.2469738099132395,0.0,0.0,0.0,0.0941506310168,18.841006558699046,2.0185674504458198,5.525899528331178,0.014935301389302817,0,3,,,0.9102783080844532,48,0,0,,,0,685,,1,0,460,0,30.79999999999991,387,73,5.301369863013699,p5uhs29_1247,,12394.751458000097,5409.946579000012,5409.946579000012,1574.8583000000003,2723.1104143000507,43.647075920253606,43.647075920253606,12.705848159492778,0,92,0,2.8444444444444446,0.9786423048327139,0.4125497034768068,1345.0,544632.6431535628,5019023.232566594,1102672.7305124386,12471885.06254995,1.999448123620309,70.65862691085103,182
p5uhs8_1247->p5udt31669,,14.875382263616599,10.286811488577372,5.76993308279226,0.0,0.0,4.588570775039232,1.8625575219756998,24.056412414113172,0.013413329363044724,3.0906558145340304,12470.0,16.852085961405216,1.3837470056387309,0.0,0.0,0.0,0.07102332667099999,15.468338955766484,3.4645092130996384,10.919589261040876,0.01519574928891363,0,2,,,1.7067435552778503,43,0,0,,,0,501,,1,0,418,0,29.89999999999991,346,72,4.805555555555555,p5uhs8_1247,,14353.768215000147,5878.258657500015,5878.258657500015,2597.250900000001,3024.005389122116,42.50451150004872,42.50451150004872,14.99097699990255,0,91,2,2.5828729281767955,0.9790268710550045,0.30477550873562964,1109.0,458633.53326322587,5936086.052377732,1250595.3798197587,12365322.492849786,1.999331550802139,82.28487534796903,203
p5uhs8_1247->p5udt8308,,11.029889916823144,7.364609619332866,5.547269035119901,0.0,0.0,3.6652802974902805,0.33320720995548997,29.641250468561907,0.01952192905632415,2.13519666827071,12470.0,8.808936556818173,1.0803702018286405,0.0,0.0,0.0,0.0916430883463,7.728566354989537,0.8824053966441702,4.447870935393131,0.015591038153660483,0,1,,,1.3558260539352,33,0,0,,,0,316,,0,0,266,0,21.19999999999998,201,65,3.0923076923076924,p5uhs8_1247,,8455.72218599997,3390.423026333321,3390.423026333321,1674.8761333333332,1735.4566373370542,40.09619701019504,40.09619701019504,19.807605979609914,0,77,0,2.1055045871559632,0.9791999999999998,0.27051454707446876,565.0,266751.628719608,3992172.8586124177,819355.5479325898,10009087.661691478,1.9988269794721407,64.68658874065507,173
p5uhs23_1247->p5udt23560,,15.342364206254821,10.471481489555519,8.7488922467736,0.0,0.0,4.8708827166993,3.578852761196998,46.42636145300702,0.02078911139058919,2.4792069039442906,12470.0,11.210965889296173,1.54538332423965,0.0,0.0,0.0,0.08397692363380001,9.665582565056521,6.267928310693745,23.605055517100414,0.015191010690103215,0,3,,,1.9007442164635138,49,0,0,,,0,194,,0,0,326,0,28.949999999999967,235,91,2.5824175824175826,p5uhs23_1247,,11577.343889000009,4574.900094499975,4574.900094499975,2427.5436999999993,2908.67704254704,39.972185189350725,39.972185189350725,20.055629621298547,0,108,1,2.29811320754717,0.9756903794037941,0.24730558984722228,738.0,207346.33886253106,3252736.9500496597,817213.4630157496,8133708.008225295,1.9989528795811518,49.64500149471092,139
p5uhs23_1247->p5udt18043,,11.779486638705707,10.481423655462793,8.955503634475502,0.0,0.0,1.2980629832429202,0.8460117779524,64.47733487479174,0.05774258156228288,1.95074359412237,12470.0,3.4220030498203817,1.8994649337062397,0.0,0.0,0.0,0.08876341901132,1.5225381161141407,0.41829026717494017,2.7516399757233065,0.01677452475402148,0,2,,,1.4178546532380354,11,0,0,,,0,96,,2,0,149,0,31.950000000000003,50,99,0.5050505050505051,p5uhs23_1247,,14676.810334999993,5020.278017499994,5020.278017499994,4636.254299999997,3785.659867060985,34.4571301949083,34.4571301949083,31.08573961018339,0,112,3,1.396551724137931,0.9686784313725492,0.03488711863450868,204.0,83993.57719622928,6042930.401309988,1558681.9327581075,13154876.428527087,1.9969650986342944,30.872068299117664,90
p5uhs29_1247->p5udt20500,,11.719266648438298,8.418664423771169,6.532355013961599,0.0,0.0,3.300602224667131,1.3086469073327005,37.143981692577526,0.018543143431073255,1.5210091457767,12470.0,9.39048401370239,0.9775411740992098,0.0,0.0,0.0,0.0755787217462,8.412942839603177,1.7993783765949882,8.523920558768541,0.014858360781174666,0,0,,,,32,0,0,,,0,275,,1,0,250,0,22.37499999999999,181,69,2.6231884057971016,p5uhs29_1247,,9639.973981999967,3759.8917576666377,3759.8917576666377,2120.190466666667,2100.4884719737565,39.77353270825976,39.77353270825976,20.452934583480477,0,77,1,2.5,0.9769598101265822,0.2267919386589855,632.0,260601.76837235162,3974990.9284377396,866125.0162058539,9226209.758435704,1.9988465974625145,47.819725779045875,125
p5uhs19_1247->p5udt30268,,20.152754983454876,11.25448443991831,6.865851422407911,0.0,0.0,8.898270543536537,4.552119952933201,27.239859371340586,0.013417280281927348,1.9447238947897003,12470.0,21.76365588962808,1.1485199734552998,0.0,0.0,0.0,0.1129553680011,20.615135916172772,6.507333366916654,15.524548097927452,0.014489784214133208,0,1,,,1.3841958032709005,76,0,0,,,0,534,,3,0,509,0,33.1249999999999,423,86,4.9186046511627906,p5uhs19_1247,,13268.681972000111,5815.631069333357,5815.631069333357,1637.419833333333,2832.8054970438466,43.82975702941459,43.82975702941459,12.34048594117082,0,98,0,2.8466666666666667,0.9790560585885487,0.4198569478432466,1502.0,469557.53447687346,4148075.6275167186,885595.9819204012,10355588.102227952,1.9994746519569215,79.27821264614607,205
p5uhs8_1247->p5udt24709,,16.930445051186886,12.253988792222236,10.253305629470997,0.0,0.0,4.676456258964649,0.8961507010392,37.454725410235135,0.019824877109118132,1.8468658537014002,12470.0,12.837377856048795,1.6407983520357998,0.0,0.0,0.0,0.078377252456,11.196579504013007,1.8662026085358991,6.269194137412986,0.015032058379448238,0,2,,,1.1962672084945503,40,0,0,,,0,366,,1,0,355,0,37.599999999999945,245,110,2.227272727272727,p5uhs8_1247,,17301.638173000083,6563.83226983335,6563.83226983335,4173.973633333333,3657.75458865742,38.780925080028496,38.780925080028496,22.438149839943016,0,137,3,2.3737373737373737,0.9794399297423888,0.1841720506542922,854.0,368391.6214191066,7463440.91306582,1577852.6272467028,16219584.26856954,1.9991375592927987,57.4403608112598,160
p5uhs19_1247->p5udt22111,,7.785602682587641,5.046492016243362,2.9982176633521007,0.0,0.0,2.7391106663442795,1.2986676890726998,30.47694724891378,0.016322018202489814,1.9646220086130206,12470.0,6.313202284100561,0.3363521052881099,0.0,0.0,0.0,0.07467963519146,5.976850178812454,1.1858113116856097,8.410722146219998,0.013235224914256941,0,2,,,1.8605395078064204,23,0,0,,,0,206,,2,0,186,0,13.650000000000016,152,34,4.470588235294118,p5uhs19_1247,,7941.809606999955,3092.1709701666573,3092.1709701666573,1757.4676666666674,1614.9555934420132,41.958189587304574,41.958189587304574,16.08362082539085,0,38,2,2.467065868263473,0.9798092243186585,0.22408046688730857,477.0,270236.89005786646,4499308.028568877,914927.8347029891,7733194.0236685155,1.9984555984555985,50.420354114326294,126
p5uhs19_1247->p5udt8885,,18.989022835084818,11.937007729020412,7.975988557334305,0.0,0.0,7.052015106064412,3.0427826400205005,31.57484472721847,0.017294192017381436,2.1507443710980203,12470.0,15.908286375928636,1.44884564060296,0.0,0.0,0.0,0.07046396849679999,14.459440735325682,3.2953654776492964,9.443036016683179,0.01448842110740313,0,2,,,1.28119768185124,59,0,0,,,0,483,,1,0,424,0,32.049999999999905,330,94,3.5106382978723403,p5uhs19_1247,,14935.55197200009,5967.5721693333635,5967.5721693333635,3000.4076333333333,3129.4825896682187,41.26163378878257,41.26163378878257,17.476732422434857,0,115,2,2.6121883656509697,0.9789066484517305,0.2648860509976564,1098.0,451067.6093069413,6135650.019753782,1285617.6958919298,13166408.814469421,1.999329084199933,70.7405311942076,190
p5uhs22_1247->p5udt12343,,10.387415119566269,3.8664362466509,1.7377781473526994,0.0,0.0,6.520978872915366,1.1107165074605,11.233440684389521,0.010460639596743473,1.8825124477495505,12470.0,14.969861736594034,0.25886422114441,0.0,0.0,0.0,0.07985493483110001,14.710997515449622,2.5417419112915596,10.023717947749851,0.01507538946283387,0,1,,,1.4878717721007504,40,0,0,,,0,480,,0,0,319,0,18.57500000000001,299,20,14.95,p5uhs22_1247,,7432.233503999919,3517.578185333296,3517.578185333296,397.07713333333334,1517.882998784614,47.32868233270906,47.32868233270906,5.342635334581884,0,22,0,2.975609756097561,0.9796689828801612,0.5598139599750297,993.0,449523.94370902126,3364518.5451000617,687134.6945644866,8408768.634838948,1.999239832763208,75.56131818201526,194
p5uhs22_1247->p5udt18713,,17.652843575258284,12.376707184871309,10.264737669052389,0.0,0.0,5.27613639038697,2.4697428705941,41.116425364992054,0.018940819286757817,1.8453184535001,12470.0,13.318916315349973,1.6458864111870402,0.0,0.0,0.0,0.07609122854700001,11.67302990416294,4.196973760959731,13.550969579330888,0.014290682741791816,0,3,,,1.1808699685836537,55,0,0,,,0,370,,3,0,435,0,32.69999999999995,316,119,2.6554621848739495,p5uhs22_1247,,13822.654542000024,5644.4868210000095,5644.4868210000095,2533.6808999999994,2934.2891237845984,41.53398052541691,41.53398052541691,16.93203894916618,0,142,1,2.0886426592797784,0.9787792918454937,0.3000683562912705,932.0,365720.1273573215,5424058.99089754,1151425.5279546208,12831596.743116304,1.9992245056223343,64.54192196866076,187
p5uhs30_1247->p5udt30417,,23.655537965831773,11.459314276184983,6.206508366033391,0.0,0.0,12.196223689646791,4.9404960904342,21.402117557703143,0.013626461961884662,1.9674721566117903,12470.0,28.428114160709853,1.22905143839007,0.0,0.0,0.0,0.0749677276419,27.199062722319784,7.581413280983253,14.556224403318666,0.016375641797643926,0,3,,,0.9455260358027568,85,0,0,,,0,806,,0,0,634,0,38.049999999999855,582,52,11.192307692307692,p5uhs30_1247,,15139.720493000166,6899.511929833396,6899.511929833396,1340.6966333333335,3109.467779420493,45.57225434263067,45.57225434263067,8.85549131473865,0,62,0,2.6666666666666665,0.9797042626728112,0.4895568403718914,1736.0,519944.7885748994,4534457.817290347,931308.5064235312,11396255.302577676,1.9995787700084247,84.90270740763155,220
p5uhs22_1247->p5udt12342,,8.638092638465062,3.1502540050554497,1.8335649103496,0.0,0.0,5.487838633409611,1.280815265283,14.914275185458054,0.01067749399068611,1.79845996540215,12470.0,12.24378151837784,0.16627866212015,0.0,0.0,0.0,0.0717108736825,12.077502856257693,2.409313111690801,11.537820281812582,0.015134464175992386,0,0,,,,25,0,0,,,0,361,,0,0,277,0,14.475000000000037,263,14,18.785714285714285,p5uhs22_1247,,6694.847005999946,3078.955802999977,3078.955802999977,536.9354,1359.995099388724,48.00233871442363,48.00233871442363,3.995322571152735,0,14,1,2.7131782945736433,0.9799264524103833,0.506264076579457,809.0,420033.3692598145,3475969.2764019025,706110.4125748851,7515430.185458381,1.9990632318501171,70.77638764818079,196
p5uhs22_1247->p5udt24944,,16.38305240706776,9.85282708007155,7.681263282154801,0.0,0.0,6.530225326996195,1.7040557839487995,33.08992030973289,0.01997933220374117,2.1208644292564998,12470.0,11.980023049910766,1.3278596613704403,0.0,0.0,0.0,0.10846575125996002,10.65216338854034,1.44995473191457,5.112120983191262,0.014609784207208251,0,2,,,1.174921514614225,25,0,0,,,0,427,,1,0,357,0,25.549999999999972,260,97,2.6804123711340204,p5uhs22_1247,,9800.91871,4092.11618833331,4092.11618833331,1616.686333333333,2103.7313920253123,41.75237352145461,41.75237352145461,16.495252957090802,0,115,0,2.2816455696202533,0.9791196341463416,0.33676160752484746,820.0,300160.96271151357,3587625.848110836,770070.7803862807,9352576.33814532,1.9991554054054055,69.90883302504025,178
p5uhs30_1247->p5udt32093,,8.346719597693461,3.15235847678567,1.263336720424,0.0,0.0,5.19436112090779,1.1461409924447001,11.841425682648541,0.011906875317679687,3.3854469923217896,12470.0,12.001148787777655,0.28135431574342,0.0,0.0,0.0,0.0744311737834,11.719794472034234,2.6043937860965096,12.79934456405326,0.017120041066729895,0,0,,,0.89265983254749,29,0,0,,,0,431,,0,0,286,0,13.800000000000056,267,19,14.052631578947368,p5uhs30_1247,,5528.065119999984,2646.833059999992,2646.833059999992,234.39900000000003,1128.618108690283,47.879918245246714,47.879918245246714,4.240163509506572,0,20,0,2.2698412698412698,0.979873751783167,0.5818633964765353,701.0,349169.6425073875,2753541.4004393048,562167.1633933665,6873810.366051308,1.9990412272291467,71.30435954208829,173
p5uhs9_1247->p5udt22915,,22.341571936327774,17.601096562664612,17.223926770370383,0.0,0.0,4.74047537366316,3.811525790800261,67.37288170260494,0.030028994538074966,2.3578712978911995,12470.0,8.880860635318214,2.786052579712692,0.0,0.0,0.0,0.0868868661639,6.0948080556055215,3.945612513862087,12.63710796654971,0.011936640638868568,0,2,,,1.68151210231475,60,0,0,,,0,93,,1,0,515,0,35.399999999999956,251,264,0.9507575757575758,p5uhs9_1247,,15012.874626000008,5692.171746333323,5692.171746333323,3628.5311333333293,3067.1129080137016,38.38362829637596,38.38362829637596,23.232743407248087,0,302,1,1.488,0.9795205645161291,0.1832774126127784,744.0,290668.05452034844,5865272.930507158,1198268.470385203,13830173.56185527,1.9990498812351545,35.860327122639376,97
p5uhs11_1247->p5udt27144,,13.374383463693245,7.10280605238264,6.560471678889,0.0,0.0,6.271577411310598,5.963501172413797,59.661477398913206,0.04065162147019224,5.584142240376889,12470.0,7.617340840356479,0.29964205962830004,0.0,0.0,0.0,0.10426092127554,7.317698780728178,6.194934144339784,29.511316243538204,0.023153011672816047,0,1,,,4.6261770613746,29,0,0,,,0,70,,0,0,227,0,8.535000000000023,210,17,12.352941176470589,p5uhs11_1247,,3071.4904940000047,1432.5742136666695,1432.5742136666695,206.34206666666668,629.8570249884255,46.64101082080923,46.64101082080923,6.717978358381541,0,19,0,1.441988950276243,0.9782765957446808,0.5323070994990361,329.0,72788.59370470191,679542.4730565973,139350.78141013611,1888299.8397253267,1.9979550102249488,50.474852067909566,143
p5uhs27_1247->p5udt21906,,8.843158949893201,3.9030454997208004,3.9030454997208004,0.0,0.0,4.9401134501724,4.9338997401724,69.45824133533434,0.046542941841543166,4.6720502725464,12470.0,3.8795145154911395,0.0,0.0,0.0,0.0,0.06570851060073,3.8795145154911395,3.8795145154911395,30.492919008307993,0.020418497449953367,0,0,,,,10,0,0,,,0,0,,0,0,124,0,3.9249999999999936,124,0,inf,p5uhs27_1247,,1464.0444750000033,732.0222375000017,732.0222375000017,0.0,298.5385349625511,50.0,50.0,0.0,0,0,0,1.5052631578947369,0.9793542105263159,0.6666666666666666,190.0,47844.12988417883,368662.81062165566,75175.34969568822,988358.9989231664,1.9958762886597938,21.07260799182074,61
p5uhs11_1247->p5udt9720,,3.8933519257094997,3.5964865866689006,3.5946224736689003,0.0,0.0,0.29686533904060003,0.2956225970406,85.8176600819392,0.11123862644884285,2.8613899050391,12470.0,0.6398001865656099,0.2930934865826901,0.0,0.0,0.0,0.0607989775515,0.34670669998292,0.34670669998292,7.6482476518731675,0.018280005330445995,0,0,,,,2,0,0,,,0,3,,0,0,23,0,5.175000000000001,6,17,0.35294117647058826,p5uhs11_1247,,3750.2676,1266.4277000000004,1266.4277000000004,1217.4122000000004,761.5198182893041,34.14571726960636,34.14571726960636,31.708565460787284,0,21,2,1.588235294117647,0.980005714285714,0.017426489779022773,35.0,15266.704493002544,1635835.0633966248,332168.51518250856,2257291.3071796624,1.9803921568627452,9.982527664531158,27
p5uhs27_1247->p5udt26583,,4.138161971362199,4.138161971362199,4.136919229362199,0.0,0.0,0.0,0.0,95.72175046503683,0.2177979984927473,3.604325554656499,12470.0,0.18365538912709,0.18365538912709,0.0,0.0,0.0,0.050969261154100005,0.0,0.0,0.0,0.009666073111952106,0,0,,,,0,0,0,,,0,2,,0,0,14,0,7.75,0,14,0.0,p5uhs27_1247,,2765.9978999999994,921.9993000000001,921.9993000000001,921.9993000000001,561.6598288904685,33.33333333333333,33.33333333333333,33.33333333333333,0,19,0,1.4,0.9800000000000001,2.4660937968524715e-16,19.0,10682.122617089983,1555090.9856007048,315774.6927000928,4357181.59381302,1.9615384615384615,6.017345399698341,13
p5uhs23_1247->p5udt27071,,0.33572699984840004,0.33572699984840004,0.33572699984840004,0.0,0.0,0.0,0.0,93.5209324114873,0.11190899994946668,0.2966256141088,12470.0,0.02325894179215,0.02325894179215,0.0,0.0,0.0,0.011713961817799998,0.0,0.0,0.0,0.007752980597383333,0,0,,,,0,0,0,,,0,0,,0,0,3,0,0.475,0,3,0.0,p5uhs23_1247,,145.3914,48.4638,48.4638,48.4638,47.78784220970216,33.33333333333333,33.33333333333333,33.33333333333333,0,3,0,1.0,0.9500000000000001,0.0,3.0,12221.712757552314,592310.6427394638,194683.09359673798,1935104.519945783,1.8,2.8,6
